-- phpMyAdmin SQL Dump
-- version 4.8.4
-- https://www.phpmyadmin.net/
--
-- Host: 127.0.0.1:3307
-- Generation Time: Feb 02, 2019 at 11:50 AM
-- Server version: 10.1.37-MariaDB
-- PHP Version: 5.6.40

SET SQL_MODE = "NO_AUTO_VALUE_ON_ZERO";
SET AUTOCOMMIT = 0;
START TRANSACTION;
SET time_zone = "+00:00";


/*!40101 SET @OLD_CHARACTER_SET_CLIENT=@@CHARACTER_SET_CLIENT */;
/*!40101 SET @OLD_CHARACTER_SET_RESULTS=@@CHARACTER_SET_RESULTS */;
/*!40101 SET @OLD_COLLATION_CONNECTION=@@COLLATION_CONNECTION */;
/*!40101 SET NAMES utf8mb4 */;

--
-- Database: `cricketcontest`
--

-- --------------------------------------------------------

--
-- Table structure for table `player`
--

CREATE TABLE `player` (
  `id` int(11) NOT NULL,
  `firstName` varchar(20) NOT NULL,
  `lastName` varchar(20) NOT NULL,
  `dob` date NOT NULL,
  `gender` int(11) NOT NULL COMMENT '1-male, 2-female',
  `description` varchar(1000) NOT NULL,
  `playerImage` varchar(50) DEFAULT NULL,
  `createdBy` int(11) NOT NULL DEFAULT '0',
  `createdDate` datetime NOT NULL DEFAULT CURRENT_TIMESTAMP,
  `updatedBy` int(11) NOT NULL DEFAULT '0',
  `updatedDate` datetime NOT NULL DEFAULT CURRENT_TIMESTAMP,
  `isActive` tinyint(1) NOT NULL DEFAULT '1'
) ENGINE=InnoDB DEFAULT CHARSET=latin1;

--
-- Dumping data for table `player`
--

INSERT INTO `player` (`id`, `firstName`, `lastName`, `dob`, `gender`, `description`, `playerImage`, `createdBy`, `createdDate`, `updatedBy`, `updatedDate`, `isActive`) VALUES
(17, 'Mahendra Singh', 'Dhoni', '1983-09-06', 1, 'All Rounder,Wicket Keeper', '1548938614967-Msd.jpg', 0, '2019-01-31 04:50:47', 0, '2019-01-31 04:50:47', 1),
(18, 'virat', 'Kohli', '1988-01-05', 1, 'Batsman,Captain', '1549011656784-VK.jpg', 0, '2019-01-31 04:52:48', 3, '2019-01-31 04:52:48', 1),
(19, 'Gautam', 'Gambhir', '1982-02-02', 1, 'Batsman', '1549010442189-GMR.jpg', 0, '2019-01-31 04:53:37', 3, '2019-01-31 04:53:37', 1),
(20, 'Harbhajan', 'Singh', '1986-01-06', 1, 'Bowler', '1549008114597-HRB.jpg', 0, '2019-01-31 04:54:16', 0, '2019-01-31 04:54:16', 1),
(21, 'AB de', 'Villiers', '1986-01-06', 1, 'Batsman', '1548938324145-ABD1.jpg', 0, '2019-01-31 04:56:33', 0, '2019-01-31 04:56:33', 1),
(22, 'Steve', 'Smith', '1987-05-05', 1, 'Batsman', '1548910652289-ABD.jpg', 0, '2019-01-31 04:57:32', 0, '2019-01-31 04:57:32', 1),
(23, 'Bhuneshvar', 'kumar', '1990-01-12', 1, 'Bowler', '1549007123280-BV.jpg', 0, '2019-01-31 04:58:26', 0, '2019-01-31 04:58:26', 1),
(24, 'Lasith', 'Malingaa', '1989-02-23', 1, 'Bowler', '1548995862656-MAL.jpg', 0, '2019-01-31 04:59:21', 0, '2019-01-31 04:59:21', 1),
(25, 'Rohitt', 'Sharma', '1985-10-28', 1, 'Batsman', '1548995764278-RS.jpg', 0, '2019-01-31 05:00:22', 0, '2019-01-31 05:00:22', 1),
(26, 'Sachin', 'Tendulkar', '1979-06-07', 1, 'Batsman', '1548910871641-SCH.jpg', 0, '2019-01-31 05:01:11', 0, '2019-01-31 05:01:11', 1),
(27, 'Kumar', 'Sangakara', '1983-06-09', 1, 'Batsman,Wicket-Keeper', '1549002421384-SANGA.jpg', 0, '2019-01-31 05:02:13', 0, '2019-01-31 05:02:13', 1),
(28, 'Mithali', 'Raj', '1999-02-10', 2, 'Captain, Batsman', '1548937103388-player.png', 0, '2019-01-31 06:00:38', 0, '2019-01-31 06:00:38', 1),
(30, 'hgh', 'hgh', '2019-06-11', 1, 'vchhvbh', '1548936643235-SHV.jpg', 0, '2019-01-31 12:10:43', 0, '2019-01-31 12:10:43', 0),
(31, 'fdg', 'gfdgd', '2019-01-02', 1, 'gffdg', '1548936684507-SHV.jpg', 0, '2019-01-31 12:11:24', 0, '2019-01-31 12:11:24', 0),
(32, 'gh', 'hghg', '2019-01-08', 1, 'ghghg', '1548936708622-SHV.jpg', 0, '2019-01-31 12:11:48', 0, '2019-01-31 12:11:48', 0),
(33, 'hghg', 'hghg', '2019-01-03', 1, 'ghghg', '1548937150863-player.png', 0, '2019-01-31 12:19:10', 0, '2019-01-31 12:19:10', 0),
(34, 'fdg', 'fgd', '2019-01-03', 1, 'fdgfd', '1548937611746-player.png', 0, '2019-01-31 12:26:51', 0, '2019-01-31 12:26:51', 0),
(35, 'gfhhgfhgfh', 'hgfh', '2019-01-05', 1, 'hfgh', '1548938756907-SCH.jpg', 0, '2019-01-31 12:45:29', 0, '2019-01-31 12:45:29', 0),
(36, 'dfd', 'fd', '2016-06-14', 1, 'dfdfd', '1548995423129-Hydrangeas.jpg', 0, '2019-02-01 04:30:08', 0, '2019-02-01 04:30:08', 0),
(37, 'df', 'gfgdfd', '2019-02-01', 1, 'dgdf', '1548995531847-Lighthouse.jpg', 0, '2019-02-01 04:31:01', 0, '2019-02-01 04:31:01', 0),
(38, 'fgfdf', 'fgdd', '2018-01-30', 1, 'fdg', '1548995886850-Msd.jpg', 0, '2019-02-01 04:34:50', 0, '2019-02-01 04:34:50', 0),
(39, 'rty', 'try', '2019-02-01', 1, 'fgfd', '1548996826216-SCH.jpg', 0, '2019-02-01 04:53:46', 0, '2019-02-01 04:53:46', 0),
(40, 'hgf', 'fgh', '2019-02-01', 1, 'hgfh', '1548997134988-SCH.jpg', 0, '2019-02-01 04:58:54', 0, '2019-02-01 04:58:54', 0),
(41, 'dfg', 'gfd', '2019-02-05', 1, 'gfdg', '1548997363038-Msd.jpg', 0, '2019-02-01 05:02:43', 0, '2019-02-01 05:02:43', 0),
(42, 'hgf', 'hgfh', '2019-02-01', 1, 'hgf', '1548997761213-SCH.jpg', 0, '2019-02-01 05:09:21', 0, '2019-02-01 05:09:21', 0),
(43, 'hghggh', 'hg56565', '2018-06-05', 1, 'ghgh', '1548999897085-SHV.jpg', 0, '2019-02-01 05:26:40', 0, '2019-02-01 05:26:40', 0),
(44, 'ytyfgfgfgf', 'ytgfg', '2018-02-01', 1, 'ytyt', '1549000491682-Koala.jpg', 0, '2019-02-01 05:54:13', 0, '2019-02-01 05:54:13', 0),
(45, 'bvcb', 'bcvb', '2018-01-03', 1, 'cxvcx', '1549000542127-Msd.jpg', 0, '2019-02-01 05:55:42', 0, '2019-02-01 05:55:42', 0),
(46, 'hgh', 'hgfh', '2018-01-01', 1, 'gfhgfh', '1549000732583-Msd.jpg', 0, '2019-02-01 05:58:52', 0, '2019-02-01 05:58:52', 0),
(47, 'fdg', 'gfdg', '2018-01-02', 1, 'gdfgdf', '1549000847939-SCH.jpg', 0, '2019-02-01 06:00:47', 0, '2019-02-01 06:00:47', 0),
(48, 'gfh', 'hgfh', '2018-06-12', 1, 'hfgh', '1549000975205-SCH.jpg', 0, '2019-02-01 06:02:55', 0, '2019-02-01 06:02:55', 0),
(49, 'gfdg', 'fdgd', '2017-01-09', 1, '', '1549001026067-SHV.jpg', 0, '2019-02-01 06:03:46', 0, '2019-02-01 06:03:46', 0),
(50, 'hg', 'hfgh', '2017-02-07', 1, 'gfhf', '1549001140739-SCH.jpg', 0, '2019-02-01 06:05:40', 0, '2019-02-01 06:05:40', 0),
(51, 'fdg', 'gfdg', '2016-02-02', 1, 'dsfds', '1549001682264-SCH.jpg', 0, '2019-02-01 06:14:42', 0, '2019-02-01 06:14:42', 0),
(52, 'Shreya', 'Shah', '1996-09-06', 2, 'Batsman', '1549002475849-Tulips.jpg', 0, '2019-02-01 06:27:33', 0, '2019-02-01 06:27:33', 0),
(53, 'gfdhgfhf', 'gfhgfhgf', '2016-07-13', 1, 'ghgfhgfh', '1549002476836-SANGA.jpg', 0, '2019-02-01 06:27:56', 0, '2019-02-01 06:27:56', 0),
(54, 'ghfh', 'hgf', '2017-01-09', 1, 'gfhfg', '1549003049001-SANGA.jpg', 0, '2019-02-01 06:37:29', 0, '2019-02-01 06:37:29', 0),
(55, 'gf', 'gfh', '2017-01-08', 1, 'fghf', '1549003274790-SCH.jpg', 0, '2019-02-01 06:41:14', 0, '2019-02-01 06:41:14', 0),
(56, 'dsc', 'cds', '2019-02-06', 1, 'cdsc', '1549003431660-SHV.jpg', 0, '2019-02-01 06:43:51', 0, '2019-02-01 06:43:51', 0),
(57, 'dgr', 'gfdg', '2019-10-01', 1, 'dsf', '1549003629066-SCH.jpg', 0, '2019-02-01 06:47:09', 0, '2019-02-01 06:47:09', 0),
(58, 'hgfh', 'hfg', '2017-01-02', 1, 'hgfh', '1549003812761-Msd.jpg', 0, '2019-02-01 06:50:12', 0, '2019-02-01 06:50:12', 0),
(59, 'gfh', 'hgfh', '2017-01-02', 1, 'hgfhf', '1549003970984-SHV.jpg', 0, '2019-02-01 06:52:50', 0, '2019-02-01 06:52:50', 0),
(60, 'dxg', 'gfd', '2017-11-04', 1, 'gfdg', '1549004113116-Msd.jpg', 0, '2019-02-01 06:55:13', 0, '2019-02-01 06:55:13', 0),
(61, '', '', '0000-00-00', 1, '', '1549024821012-ZK.jpg', 0, '2019-02-01 12:40:21', 0, '2019-02-01 12:40:21', 0),
(62, 'gfd', 'sds', '1997-02-03', 1, 'fsdfs', '1549084430556-Desert.jpg', 0, '2019-02-02 05:13:50', 0, '2019-02-02 05:13:50', 0),
(63, 'wew', 'ewew', '1997-02-04', 1, 'sadsad', '1549096262421-SANGA.jpg', 0, '2019-02-02 08:31:02', 0, '2019-02-02 08:31:02', 0);

-- --------------------------------------------------------

--
-- Table structure for table `team`
--

CREATE TABLE `team` (
  `id` int(11) NOT NULL,
  `teamName` varchar(20) NOT NULL,
  `isDelete` int(11) NOT NULL DEFAULT '0',
  `createdBy` int(11) NOT NULL DEFAULT '0',
  `createdDate` datetime NOT NULL DEFAULT CURRENT_TIMESTAMP,
  `updatedBy` int(11) NOT NULL DEFAULT '0',
  `updatedDate` datetime NOT NULL DEFAULT CURRENT_TIMESTAMP
) ENGINE=InnoDB DEFAULT CHARSET=latin1;

--
-- Dumping data for table `team`
--

INSERT INTO `team` (`id`, `teamName`, `isDelete`, `createdBy`, `createdDate`, `updatedBy`, `updatedDate`) VALUES
(1, 'Royal strikerss', 0, 0, '2019-01-28 05:45:51', 3, '2019-01-28 05:45:51'),
(2, 'KINGSMAN XI', 0, 0, '2019-01-28 14:27:53', 0, '2019-01-28 14:27:53'),
(3, 'Royal India', 0, 0, '2019-01-29 07:58:41', 0, '2019-01-29 07:58:41'),
(4, 'Royal ', 0, 0, '2019-01-29 09:43:50', 0, '2019-01-29 09:43:50'),
(5, 'Dream Crushers', 0, 0, '2019-01-29 10:10:29', 0, '2019-01-29 10:10:29'),
(6, 'Railsplitters', 0, 0, '2019-01-29 10:30:33', 0, '2019-01-29 10:30:33'),
(7, 'demo1', 1, 0, '2019-01-29 10:31:23', 0, '2019-01-29 10:31:23'),
(8, 'Rainbow Warriors', 0, 0, '2019-01-29 10:48:56', 0, '2019-01-29 10:48:56'),
(9, 'India', 0, 0, '2019-01-29 11:13:47', 0, '2019-01-29 11:13:47'),
(10, 'Scorpions', 0, 0, '2019-01-30 06:25:55', 0, '2019-01-30 06:25:55'),
(27, 'demo', 1, 0, '2019-01-31 05:29:45', 0, '2019-01-31 05:29:45'),
(28, 'hello', 1, 0, '2019-01-31 06:34:40', 0, '2019-01-31 06:34:40'),
(29, 'DD', 1, 0, '2019-01-31 06:35:26', 0, '2019-01-31 06:35:26'),
(30, 'test12', 1, 0, '2019-01-31 07:50:04', 0, '2019-01-31 07:50:04'),
(31, 'tes1515', 1, 0, '2019-01-31 11:50:19', 0, '2019-01-31 11:50:19'),
(32, 'Chennai Super Kings', 1, 0, '2019-01-31 12:52:50', 0, '2019-01-31 12:52:50'),
(33, 'RCB', 0, 0, '2019-01-31 14:11:33', 0, '2019-01-31 14:11:33'),
(34, 'demo', 1, 0, '2019-02-01 05:22:26', 0, '2019-02-01 05:22:26'),
(35, 'demo12', 1, 0, '2019-02-01 05:22:42', 0, '2019-02-01 05:22:42'),
(36, 'demo', 1, 0, '2019-02-01 05:24:12', 0, '2019-02-01 05:24:12'),
(37, 'demo', 1, 0, '2019-02-01 07:03:03', 0, '2019-02-01 07:03:03'),
(38, 'RK', 1, 0, '2019-02-01 09:17:48', 0, '2019-02-01 09:17:48'),
(39, 'RCB', 1, 0, '2019-02-01 09:18:58', 0, '2019-02-01 09:18:58'),
(40, 'TEST77', 1, 0, '2019-02-01 09:19:14', 0, '2019-02-01 09:19:14'),
(41, 'GFHGFH', 0, 0, '2019-02-01 09:20:13', 0, '2019-02-01 09:20:13'),
(42, 'PK15', 0, 0, '2019-02-01 09:20:23', 1, '2019-02-01 09:20:23'),
(43, 'pk15', 1, 0, '2019-02-01 09:28:57', 0, '2019-02-01 09:28:57'),
(44, 'Royal strikerss12', 0, 0, '2019-02-01 10:43:37', 1, '2019-02-01 10:43:37'),
(45, 'finaldemo12', 0, 0, '2019-02-01 10:52:04', 3, '2019-02-01 10:52:04'),
(46, 'KNR', 0, 0, '2019-02-01 11:05:23', 0, '2019-02-01 11:05:23'),
(47, 'final1234', 1, 3, '2019-02-01 11:07:12', 3, '2019-02-01 11:07:12'),
(48, 'abcccdd', 1, 3, '2019-02-01 11:07:58', 0, '2019-02-01 11:07:58'),
(49, 'demo55', 1, 0, '2019-02-02 04:48:11', 0, '2019-02-02 04:48:11'),
(50, 'DEmo2', 0, 0, '2019-02-02 05:07:29', 3, '2019-02-02 05:07:29'),
(51, 'demo1234', 0, 0, '2019-02-02 05:18:49', 0, '2019-02-02 05:18:49'),
(52, 'rcb123', 0, 0, '2019-02-02 05:19:22', 0, '2019-02-02 05:19:22'),
(53, 'KKR11', 0, 0, '2019-02-02 05:20:48', 0, '2019-02-02 05:20:48'),
(54, 'team55', 0, 0, '2019-02-02 05:22:09', 0, '2019-02-02 05:22:09'),
(55, 'dd22', 1, 0, '2019-02-02 05:25:21', 0, '2019-02-02 05:25:21'),
(56, 'dd22', 1, 0, '2019-02-02 05:25:24', 0, '2019-02-02 05:25:24'),
(57, 'dd22', 1, 0, '2019-02-02 05:25:25', 0, '2019-02-02 05:25:25'),
(58, 'dd22', 1, 0, '2019-02-02 05:25:25', 0, '2019-02-02 05:25:25'),
(59, 'dd22', 1, 0, '2019-02-02 05:25:25', 0, '2019-02-02 05:25:25'),
(60, 'dd22', 1, 0, '2019-02-02 05:25:25', 0, '2019-02-02 05:25:25'),
(61, 'dd22', 1, 0, '2019-02-02 05:25:25', 0, '2019-02-02 05:25:25'),
(62, 'dd22', 1, 0, '2019-02-02 05:25:25', 0, '2019-02-02 05:25:25'),
(63, 'dd22', 1, 0, '2019-02-02 05:25:26', 0, '2019-02-02 05:25:26'),
(64, 'dd22', 1, 0, '2019-02-02 05:25:26', 0, '2019-02-02 05:25:26'),
(65, 'dd22', 1, 0, '2019-02-02 05:25:26', 0, '2019-02-02 05:25:26'),
(66, 'dd22', 1, 0, '2019-02-02 05:25:26', 0, '2019-02-02 05:25:26'),
(67, 'dd22', 1, 0, '2019-02-02 05:25:26', 0, '2019-02-02 05:25:26'),
(68, 'dd22', 1, 0, '2019-02-02 05:25:26', 0, '2019-02-02 05:25:26'),
(69, 'dd22', 1, 0, '2019-02-02 05:25:27', 0, '2019-02-02 05:25:27'),
(70, 'dd22', 1, 0, '2019-02-02 05:25:27', 0, '2019-02-02 05:25:27'),
(71, 'dd22', 1, 0, '2019-02-02 05:25:27', 0, '2019-02-02 05:25:27'),
(72, 'dd22', 0, 0, '2019-02-02 05:25:27', 0, '2019-02-02 05:25:27'),
(73, 'dd22', 1, 0, '2019-02-02 05:25:56', 0, '2019-02-02 05:25:56'),
(74, 'dd11', 1, 0, '2019-02-02 05:26:00', 0, '2019-02-02 05:26:00'),
(75, 'Demo12345', 0, 0, '2019-02-02 05:26:09', 0, '2019-02-02 05:26:09');

-- --------------------------------------------------------

--
-- Table structure for table `teamplayer`
--

CREATE TABLE `teamplayer` (
  `id` int(11) NOT NULL,
  `tournamentId` int(11) NOT NULL,
  `teamId` int(11) NOT NULL,
  `playerId` int(11) NOT NULL,
  `isDelete` int(11) NOT NULL DEFAULT '0',
  `createdBy` int(11) NOT NULL DEFAULT '0',
  `createdDate` datetime NOT NULL DEFAULT CURRENT_TIMESTAMP,
  `updatedBy` int(11) NOT NULL DEFAULT '0',
  `updatedDate` datetime NOT NULL DEFAULT CURRENT_TIMESTAMP
) ENGINE=InnoDB DEFAULT CHARSET=latin1;

--
-- Dumping data for table `teamplayer`
--

INSERT INTO `teamplayer` (`id`, `tournamentId`, `teamId`, `playerId`, `isDelete`, `createdBy`, `createdDate`, `updatedBy`, `updatedDate`) VALUES
(1, 1, 2, 7, 0, 0, '2019-01-29 08:25:53', 0, '2019-01-29 08:25:53'),
(9, 1, 2, 17, 0, 0, '2019-01-31 07:09:34', 0, '2019-01-31 07:09:34'),
(14, 1, 3, 18, 0, 0, '2019-01-31 07:39:47', 0, '2019-01-31 07:39:47'),
(15, 1, 3, 19, 0, 0, '2019-01-31 07:39:47', 0, '2019-01-31 07:39:47'),
(16, 1, 3, 20, 0, 0, '2019-01-31 07:39:47', 0, '2019-01-31 07:39:47'),
(17, 1, 3, 21, 0, 0, '2019-01-31 07:39:47', 0, '2019-01-31 07:39:47'),
(18, 1, 4, 18, 0, 0, '2019-01-31 12:13:13', 0, '2019-01-31 12:13:13'),
(19, 1, 4, 19, 0, 0, '2019-01-31 12:13:13', 0, '2019-01-31 12:13:13'),
(20, 1, 4, 20, 0, 0, '2019-01-31 12:13:13', 0, '2019-01-31 12:13:13'),
(21, 1, 4, 21, 0, 0, '2019-01-31 12:13:13', 0, '2019-01-31 12:13:13'),
(22, 2, 1, 22, 0, 0, '2019-01-31 12:14:39', 0, '2019-01-31 12:14:39'),
(23, 2, 1, 20, 0, 0, '2019-01-31 12:14:39', 0, '2019-01-31 12:14:39'),
(24, 2, 1, 19, 0, 0, '2019-01-31 12:14:39', 0, '2019-01-31 12:14:39'),
(25, 1, 1, 18, 0, 0, '2019-01-31 12:16:33', 0, '2019-01-31 12:16:33'),
(26, 1, 1, 19, 0, 0, '2019-01-31 12:16:33', 0, '2019-01-31 12:16:33'),
(27, 1, 1, 20, 0, 0, '2019-01-31 12:16:33', 0, '2019-01-31 12:16:33'),
(28, 1, 1, 18, 0, 0, '2019-02-01 04:23:21', 0, '2019-02-01 04:23:21'),
(29, 1, 1, 19, 0, 0, '2019-02-01 04:23:21', 0, '2019-02-01 04:23:21'),
(30, 1, 1, 26, 0, 0, '2019-02-01 08:17:22', 0, '2019-02-01 08:17:22'),
(31, 1, 1, 25, 0, 0, '2019-02-01 08:17:22', 0, '2019-02-01 08:17:22'),
(32, 1, 1, 24, 0, 0, '2019-02-01 08:17:22', 0, '2019-02-01 08:17:22'),
(33, 2, 1, 18, 0, 0, '2019-02-01 08:20:12', 0, '2019-02-01 08:20:12'),
(34, 20, 2, 18, 0, 0, '2019-02-01 08:42:49', 0, '2019-02-01 08:42:49'),
(35, 20, 2, 19, 0, 0, '2019-02-01 08:42:49', 0, '2019-02-01 08:42:49'),
(36, 20, 2, 20, 0, 0, '2019-02-01 08:42:49', 0, '2019-02-01 08:42:49'),
(37, 20, 1, 26, 0, 0, '2019-02-01 08:42:59', 0, '2019-02-01 08:42:59'),
(38, 20, 1, 27, 0, 0, '2019-02-01 08:42:59', 0, '2019-02-01 08:42:59'),
(39, 20, 1, 25, 0, 0, '2019-02-01 08:42:59', 0, '2019-02-01 08:42:59'),
(40, 20, 4, 22, 0, 0, '2019-02-01 08:46:02', 0, '2019-02-01 08:46:02'),
(41, 20, 4, 23, 0, 0, '2019-02-01 08:46:02', 0, '2019-02-01 08:46:02'),
(42, 20, 4, 21, 0, 0, '2019-02-01 09:14:38', 0, '2019-02-01 09:14:38'),
(43, 20, 4, 24, 0, 0, '2019-02-01 09:14:38', 0, '2019-02-01 09:14:38'),
(44, 2, 1, 21, 0, 0, '2019-02-01 12:33:45', 0, '2019-02-01 12:33:45'),
(45, 2, 1, 23, 0, 0, '2019-02-01 12:33:45', 0, '2019-02-01 12:33:45'),
(46, 2, 1, 24, 0, 0, '2019-02-01 12:33:45', 0, '2019-02-01 12:33:45'),
(47, 8, 1, 19, 0, 0, '2019-02-01 12:35:06', 0, '2019-02-01 12:35:06'),
(48, 8, 1, 20, 0, 0, '2019-02-01 12:35:06', 0, '2019-02-01 12:35:06'),
(49, 8, 5, 21, 0, 0, '2019-02-02 04:23:49', 0, '2019-02-02 04:23:49'),
(50, 8, 5, 22, 0, 0, '2019-02-02 04:23:49', 0, '2019-02-02 04:23:49'),
(51, 2, 1, 26, 0, 0, '2019-02-02 05:39:48', 0, '2019-02-02 05:39:48'),
(52, 2, 1, 62, 0, 0, '2019-02-02 05:39:48', 0, '2019-02-02 05:39:48'),
(53, 2, 1, 27, 0, 0, '2019-02-02 08:06:48', 0, '2019-02-02 08:06:48'),
(54, 2, 1, 28, 0, 0, '2019-02-02 08:06:48', 0, '2019-02-02 08:06:48');

-- --------------------------------------------------------

--
-- Table structure for table `tournament`
--

CREATE TABLE `tournament` (
  `id` int(11) NOT NULL,
  `tournamentName` varchar(20) NOT NULL,
  `tournamentDescription` varchar(1000) NOT NULL,
  `isDelete` int(11) NOT NULL DEFAULT '0',
  `createdBy` int(11) NOT NULL DEFAULT '0',
  `createdDate` datetime NOT NULL DEFAULT CURRENT_TIMESTAMP,
  `updatedBy` int(11) NOT NULL DEFAULT '0',
  `updatedDate` datetime NOT NULL DEFAULT CURRENT_TIMESTAMP
) ENGINE=InnoDB DEFAULT CHARSET=latin1;

--
-- Dumping data for table `tournament`
--

INSERT INTO `tournament` (`id`, `tournamentName`, `tournamentDescription`, `isDelete`, `createdBy`, `createdDate`, `updatedBy`, `updatedDate`) VALUES
(1, 'IPL1', '2017', 1, 0, '2019-01-30 14:47:00', 0, '2019-01-30 14:47:00'),
(2, 'IPL1', '2018', 0, 0, '2019-01-30 14:47:00', 0, '2019-01-30 14:47:00'),
(3, 'lpl3', '2019', 1, 0, '2019-01-30 14:47:19', 0, '2019-01-30 14:47:19'),
(4, 'lpl4', '2020', 0, 0, '2019-01-30 14:47:19', 0, '2019-01-30 14:47:19'),
(5, 'IPL5', '2021', 0, 0, '2019-01-30 09:31:05', 0, '2019-01-30 09:31:05'),
(6, 'Ipl6', '2022', 0, 0, '2019-01-30 09:44:59', 0, '2019-01-30 09:44:59'),
(7, 'IPL2', '2022', 0, 0, '2019-01-30 09:45:33', 0, '2019-01-30 09:45:33'),
(8, 'World Cup 2019', '2019-20', 0, 0, '2019-01-30 09:55:46', 0, '2019-01-30 09:55:46'),
(9, 'Ipl6', '2017', 0, 0, '2019-01-30 10:47:31', 0, '2019-01-30 10:47:31'),
(10, 'demo 2015', 'demo 2', 0, 0, '2019-01-30 11:06:40', 0, '2019-01-30 11:06:40'),
(11, 'demo', '2017', 0, 0, '2019-01-30 11:19:35', 0, '2019-01-30 11:19:35'),
(12, 'IPL2019', 'India', 0, 0, '2019-01-30 12:22:15', 0, '2019-01-30 12:22:15'),
(13, 'IPL 2020', 'India 2018', 0, 0, '2019-01-30 12:23:50', 0, '2019-01-30 12:23:50'),
(14, 'demo final', 'demo final2', 0, 0, '2019-01-30 12:26:27', 0, '2019-01-30 12:26:27'),
(15, 'IPL 2021', 'India Tournament', 0, 0, '2019-01-30 12:28:09', 0, '2019-01-30 12:28:09'),
(16, 'demo ', 'lanet121', 0, 0, '2019-01-30 12:39:48', 0, '2019-01-30 12:39:48'),
(17, 'demo', 'demo1', 0, 0, '2019-01-31 04:10:55', 0, '2019-01-31 04:10:55'),
(18, 'demo1', 'demo', 0, 0, '2019-01-31 05:44:52', 0, '2019-01-31 05:44:52'),
(19, 'demo1', 'demodescription1', 0, 0, '2019-01-31 11:53:59', 0, '2019-01-31 11:53:59'),
(20, 'World Cup ', '2019', 0, 0, '2019-01-31 12:52:39', 0, '2019-01-31 12:52:39'),
(21, 'Lanet team', 'Lanet team 1', 0, 0, '2019-02-01 07:03:32', 0, '2019-02-01 07:03:32'),
(22, 'Lanet Demo', 'Lanet Demo', 0, 0, '2019-02-01 07:04:09', 0, '2019-02-01 07:04:09'),
(23, 'demo1212121', 'demo1212121', 0, 0, '2019-02-01 07:31:36', 0, '2019-02-01 07:31:36'),
(24, 'demo125', 'demo125', 0, 0, '2019-02-01 07:34:57', 0, '2019-02-01 07:34:57'),
(25, 'World Cup ', '2023', 0, 0, '2019-02-01 07:37:05', 0, '2019-02-01 07:37:05'),
(26, 'BBL', 'ITS CAREBIAN', 0, 3, '2019-02-01 11:28:33', 3, '2019-02-01 11:28:33');

-- --------------------------------------------------------

--
-- Table structure for table `tournamentmatch`
--

CREATE TABLE `tournamentmatch` (
  `id` int(11) NOT NULL,
  `tournamentId` int(11) NOT NULL,
  `teamId1` int(11) NOT NULL,
  `teamId2` int(11) NOT NULL,
  `matchDate` datetime NOT NULL,
  `winningTeamId` int(11) DEFAULT '0',
  `isDelete` int(11) NOT NULL DEFAULT '0',
  `createdBy` int(11) NOT NULL DEFAULT '0',
  `createdDate` datetime NOT NULL DEFAULT CURRENT_TIMESTAMP,
  `updatedBy` int(11) NOT NULL DEFAULT '0',
  `updatedDate` datetime NOT NULL DEFAULT CURRENT_TIMESTAMP
) ENGINE=InnoDB DEFAULT CHARSET=latin1;

--
-- Dumping data for table `tournamentmatch`
--

INSERT INTO `tournamentmatch` (`id`, `tournamentId`, `teamId1`, `teamId2`, `matchDate`, `winningTeamId`, `isDelete`, `createdBy`, `createdDate`, `updatedBy`, `updatedDate`) VALUES
(1, 1, 1, 2, '2019-01-31 00:00:00', 0, 0, 0, '2019-01-28 18:23:49', 0, '2019-01-28 18:23:49'),
(2, 2, 1, 2, '2019-02-15 00:00:00', 0, 0, 0, '2019-01-28 18:24:16', 0, '2019-01-28 18:24:16'),
(3, 1, 1, 2, '2019-05-30 05:57:30', 1, 0, 0, '2019-01-29 07:55:39', 0, '2019-01-29 07:55:39');

-- --------------------------------------------------------

--
-- Table structure for table `tournamentmatchplayerscore`
--

CREATE TABLE `tournamentmatchplayerscore` (
  `id` int(11) NOT NULL,
  `tournamentId` int(11) NOT NULL,
  `tournamentMatchId` int(11) NOT NULL,
  `playerId` int(11) NOT NULL,
  `wicket` int(11) NOT NULL,
  `run` int(11) NOT NULL,
  `catch` int(11) NOT NULL,
  `six` int(11) NOT NULL,
  `four` int(11) NOT NULL,
  `stumping` int(11) NOT NULL,
  `score` int(11) NOT NULL,
  `createdBy` int(11) NOT NULL DEFAULT '0',
  `createdDate` datetime NOT NULL DEFAULT CURRENT_TIMESTAMP,
  `updatedBy` int(11) NOT NULL DEFAULT '0',
  `updatedDate` datetime NOT NULL DEFAULT CURRENT_TIMESTAMP
) ENGINE=InnoDB DEFAULT CHARSET=latin1;

--
-- Dumping data for table `tournamentmatchplayerscore`
--

INSERT INTO `tournamentmatchplayerscore` (`id`, `tournamentId`, `tournamentMatchId`, `playerId`, `wicket`, `run`, `catch`, `six`, `four`, `stumping`, `score`, `createdBy`, `createdDate`, `updatedBy`, `updatedDate`) VALUES
(28, 2, 2, 22, 2, 65, 1, 6, 4, 1, 0, 0, '2019-02-01 12:52:36', 0, '2019-02-01 12:52:36'),
(29, 2, 2, 20, 3, 26, 3, 2, 4, 2, 0, 0, '2019-02-01 12:53:25', 0, '2019-02-01 12:53:25'),
(30, 2, 2, 19, 6, 25, 3, 1, 2, 1, 0, 0, '2019-02-01 12:54:09', 0, '2019-02-01 12:54:09'),
(31, 2, 2, 18, 4, 24, 2, 3, 1, 2, 0, 0, '2019-02-01 12:55:04', 0, '2019-02-01 12:55:04'),
(32, 2, 2, 26, 2, 63, 5, 1, 1, 1, 0, 0, '2019-02-01 12:55:31', 0, '2019-02-01 12:55:31'),
(33, 2, 2, 25, 2, 54, 5, 4, 1, 1, 0, 0, '2019-02-01 12:56:48', 0, '2019-02-01 12:56:48'),
(34, 2, 2, 24, 2, 25, 6, 6, 6, 6, 0, 0, '2019-02-02 05:10:48', 0, '2019-02-02 05:10:48'),
(35, 2, 2, 24, 2, 36, 3, 6, 4, 2, 0, 0, '2019-02-02 05:12:21', 0, '2019-02-02 05:12:21'),
(36, 2, 2, 27, 1, 53, 3, 2, 2, 2, 0, 0, '2019-02-02 05:13:38', 0, '2019-02-02 05:13:38'),
(37, 2, 2, 21, 2, 56, 5, 6, 5, 1, 0, 0, '2019-02-02 05:14:27', 0, '2019-02-02 05:14:27'),
(38, 2, 2, 23, 2, 63, 6, 3, 1, 2, 0, 0, '2019-02-02 05:43:26', 0, '2019-02-02 05:43:26'),
(39, 2, 2, 23, 1, 25, 3, 2, 1, 5, 0, 0, '2019-02-02 07:32:31', 0, '2019-02-02 07:32:31'),
(40, 2, 2, 23, 1, 26, 1, 2, 1, 2, 0, 0, '2019-02-02 07:35:08', 0, '2019-02-02 07:35:08');

-- --------------------------------------------------------

--
-- Table structure for table `tournamentpoint`
--

CREATE TABLE `tournamentpoint` (
  `id` int(11) NOT NULL,
  `tournamentId` int(11) NOT NULL,
  `pointJson` text NOT NULL,
  `createdBy` int(11) NOT NULL DEFAULT '0',
  `createdDate` datetime NOT NULL DEFAULT CURRENT_TIMESTAMP,
  `updatedBy` int(11) NOT NULL DEFAULT '0',
  `updatedDate` datetime NOT NULL DEFAULT CURRENT_TIMESTAMP
) ENGINE=InnoDB DEFAULT CHARSET=latin1;

--
-- Dumping data for table `tournamentpoint`
--

INSERT INTO `tournamentpoint` (`id`, `tournamentId`, `pointJson`, `createdBy`, `createdDate`, `updatedBy`, `updatedDate`) VALUES
(1, 1, '{\'runs\':6,\'wicket\':2,\'catch\':5}', 0, '2019-01-29 08:34:07', 0, '2019-01-29 08:34:07'),
(2, 1, '{\'runs\':60,\'wicket\':2}', 0, '2019-01-29 08:42:58', 0, '2019-01-29 08:42:58');

-- --------------------------------------------------------

--
-- Table structure for table `tournamentteam`
--

CREATE TABLE `tournamentteam` (
  `id` int(11) NOT NULL,
  `tournamentId` int(11) NOT NULL,
  `teamId` int(11) NOT NULL,
  `isDelete` int(11) NOT NULL DEFAULT '0',
  `createdBy` int(11) NOT NULL DEFAULT '0',
  `createdDate` datetime NOT NULL DEFAULT CURRENT_TIMESTAMP,
  `updatedBy` int(11) NOT NULL DEFAULT '0',
  `updatedDate` datetime NOT NULL DEFAULT CURRENT_TIMESTAMP
) ENGINE=InnoDB DEFAULT CHARSET=latin1;

--
-- Dumping data for table `tournamentteam`
--

INSERT INTO `tournamentteam` (`id`, `tournamentId`, `teamId`, `isDelete`, `createdBy`, `createdDate`, `updatedBy`, `updatedDate`) VALUES
(1, 1, 1, 1, 0, '2019-01-28 14:28:40', 0, '2019-01-28 14:28:40'),
(2, 1, 2, 0, 0, '2019-01-28 14:28:40', 0, '2019-01-28 14:28:40'),
(3, 2, 1, 1, 0, '2019-01-28 14:28:46', 0, '2019-01-28 14:28:46'),
(4, 1, 3, 0, 0, '2019-01-29 08:05:24', 0, '2019-01-29 08:05:24'),
(5, 20, 1, 0, 0, '2019-02-01 04:28:04', 0, '2019-02-01 04:28:04'),
(6, 20, 2, 0, 0, '2019-02-01 04:46:09', 0, '2019-02-01 04:46:09'),
(7, 20, 4, 0, 0, '2019-02-01 04:55:23', 0, '2019-02-01 04:55:23'),
(8, 20, 5, 0, 0, '2019-02-01 05:13:04', 0, '2019-02-01 05:13:04'),
(9, 1, 4, 0, 0, '2019-02-01 10:49:49', 0, '2019-02-01 10:49:49'),
(10, 26, 1, 0, 0, '2019-02-01 11:49:39', 0, '2019-02-01 11:49:39'),
(11, 26, 2, 0, 0, '2019-02-01 11:49:54', 0, '2019-02-01 11:49:54'),
(12, 26, 3, 0, 0, '2019-02-01 11:50:05', 0, '2019-02-01 11:50:05'),
(13, 8, 1, 0, 0, '2019-02-01 12:34:33', 0, '2019-02-01 12:34:33'),
(14, 8, 3, 0, 0, '2019-02-01 12:34:37', 0, '2019-02-01 12:34:37'),
(15, 8, 2, 0, 0, '2019-02-02 03:56:51', 0, '2019-02-02 03:56:51'),
(16, 4, 1, 0, 0, '2019-02-02 04:19:54', 0, '2019-02-02 04:19:54'),
(17, 4, 1, 0, 0, '2019-02-02 04:19:54', 0, '2019-02-02 04:19:54'),
(18, 8, 4, 0, 0, '2019-02-02 04:20:42', 0, '2019-02-02 04:20:42'),
(19, 4, 4, 0, 0, '2019-02-02 04:21:21', 0, '2019-02-02 04:21:21'),
(20, 8, 5, 0, 0, '2019-02-02 04:22:42', 0, '2019-02-02 04:22:42'),
(21, 5, 4, 0, 0, '2019-02-02 04:23:16', 0, '2019-02-02 04:23:16'),
(22, 6, 5, 0, 0, '2019-02-02 04:24:17', 0, '2019-02-02 04:24:17'),
(23, 4, 42, 0, 0, '2019-02-02 04:24:27', 0, '2019-02-02 04:24:27'),
(24, 26, 47, 0, 0, '2019-02-02 04:24:50', 0, '2019-02-02 04:24:50'),
(25, 26, 45, 0, 0, '2019-02-02 04:26:46', 0, '2019-02-02 04:26:46'),
(26, 8, 6, 0, 0, '2019-02-02 04:32:21', 0, '2019-02-02 04:32:21'),
(27, 25, 47, 0, 0, '2019-02-02 04:33:09', 0, '2019-02-02 04:33:09'),
(28, 25, 1, 0, 0, '2019-02-02 04:34:49', 0, '2019-02-02 04:34:49'),
(29, 26, 33, 0, 0, '2019-02-02 04:38:18', 0, '2019-02-02 04:38:18'),
(30, 26, 4, 0, 0, '2019-02-02 04:39:17', 0, '2019-02-02 04:39:17'),
(31, 21, 1, 0, 0, '2019-02-02 04:41:25', 0, '2019-02-02 04:41:25'),
(32, 26, 46, 0, 0, '2019-02-02 04:42:55', 0, '2019-02-02 04:42:55'),
(33, 26, 44, 0, 0, '2019-02-02 04:43:18', 0, '2019-02-02 04:43:18'),
(34, 26, 42, 0, 0, '2019-02-02 04:46:16', 0, '2019-02-02 04:46:16'),
(35, 26, 6, 0, 0, '2019-02-02 04:47:59', 0, '2019-02-02 04:47:59'),
(36, 26, 49, 0, 0, '2019-02-02 04:54:13', 0, '2019-02-02 04:54:13'),
(37, 26, 41, 0, 0, '2019-02-02 04:58:20', 0, '2019-02-02 04:58:20'),
(38, 26, 5, 0, 0, '2019-02-02 05:03:36', 0, '2019-02-02 05:03:36'),
(39, 26, 8, 0, 0, '2019-02-02 05:06:17', 0, '2019-02-02 05:06:17'),
(40, 26, 9, 0, 0, '2019-02-02 05:09:16', 0, '2019-02-02 05:09:16'),
(41, 26, 10, 0, 0, '2019-02-02 05:12:22', 0, '2019-02-02 05:12:22'),
(42, 26, 50, 0, 0, '2019-02-02 05:14:48', 0, '2019-02-02 05:14:48'),
(43, 25, 2, 0, 0, '2019-02-02 05:18:23', 0, '2019-02-02 05:18:23'),
(44, 25, 3, 0, 0, '2019-02-02 05:25:23', 0, '2019-02-02 05:25:23'),
(45, 25, 4, 0, 0, '2019-02-02 05:30:21', 0, '2019-02-02 05:30:21'),
(46, 25, 5, 0, 0, '2019-02-02 05:34:50', 0, '2019-02-02 05:34:50'),
(47, 25, 6, 0, 0, '2019-02-02 05:42:55', 0, '2019-02-02 05:42:55'),
(48, 20, 3, 0, 0, '2019-02-02 05:51:00', 0, '2019-02-02 05:51:00'),
(49, 25, 8, 0, 0, '2019-02-02 05:51:51', 0, '2019-02-02 05:51:51'),
(50, 25, 9, 0, 0, '2019-02-02 05:55:11', 0, '2019-02-02 05:55:11'),
(51, 25, 10, 0, 0, '2019-02-02 06:01:40', 0, '2019-02-02 06:01:40'),
(52, 25, 33, 0, 0, '2019-02-02 06:10:01', 0, '2019-02-02 06:10:01'),
(53, 25, 41, 0, 0, '2019-02-02 06:11:46', 0, '2019-02-02 06:11:46'),
(54, 25, 42, 0, 0, '2019-02-02 06:13:31', 0, '2019-02-02 06:13:31'),
(55, 25, 42, 0, 0, '2019-02-02 06:13:58', 0, '2019-02-02 06:13:58'),
(56, 25, 44, 0, 0, '2019-02-02 06:14:10', 0, '2019-02-02 06:14:10'),
(57, 20, 33, 0, 0, '2019-02-02 06:16:55', 0, '2019-02-02 06:16:55'),
(58, 25, 46, 0, 0, '2019-02-02 06:17:32', 0, '2019-02-02 06:17:32'),
(59, 20, 72, 0, 0, '2019-02-02 06:20:28', 0, '2019-02-02 06:20:28'),
(60, 25, 45, 0, 0, '2019-02-02 06:21:29', 0, '2019-02-02 06:21:29'),
(61, 25, 52, 0, 0, '2019-02-02 06:34:21', 0, '2019-02-02 06:34:21'),
(62, 25, 50, 0, 0, '2019-02-02 06:34:49', 0, '2019-02-02 06:34:49'),
(63, 25, 51, 0, 0, '2019-02-02 06:36:10', 0, '2019-02-02 06:36:10'),
(64, 25, 53, 0, 0, '2019-02-02 06:39:35', 0, '2019-02-02 06:39:35'),
(65, 25, 54, 0, 0, '2019-02-02 06:43:19', 0, '2019-02-02 06:43:19'),
(66, 2, 4, 0, 0, '2019-02-02 06:47:03', 0, '2019-02-02 06:47:03'),
(67, 4, 3, 0, 0, '2019-02-02 06:48:20', 0, '2019-02-02 06:48:20'),
(68, 25, 72, 0, 0, '2019-02-02 06:48:46', 0, '2019-02-02 06:48:46'),
(69, 25, 75, 0, 0, '2019-02-02 06:51:44', 0, '2019-02-02 06:51:44'),
(70, 25, 75, 0, 0, '2019-02-02 06:51:56', 0, '2019-02-02 06:51:56'),
(71, 25, 75, 0, 0, '2019-02-02 06:56:32', 0, '2019-02-02 06:56:32'),
(72, 24, 1, 0, 0, '2019-02-02 07:00:32', 0, '2019-02-02 07:00:32'),
(73, 24, 2, 0, 0, '2019-02-02 07:03:45', 0, '2019-02-02 07:03:45'),
(74, 24, 9, 0, 0, '2019-02-02 07:04:56', 0, '2019-02-02 07:04:56'),
(75, 24, 53, 0, 0, '2019-02-02 07:08:02', 0, '2019-02-02 07:08:02'),
(76, 24, 3, 0, 0, '2019-02-02 08:58:05', 0, '2019-02-02 08:58:05'),
(77, 24, 4, 0, 0, '2019-02-02 09:00:24', 0, '2019-02-02 09:00:24'),
(78, 24, 46, 0, 0, '2019-02-02 09:06:17', 0, '2019-02-02 09:06:17'),
(79, 24, 54, 0, 0, '2019-02-02 09:08:03', 0, '2019-02-02 09:08:03'),
(80, 24, 5, 0, 0, '2019-02-02 09:10:35', 0, '2019-02-02 09:10:35'),
(81, 24, 6, 0, 0, '2019-02-02 09:11:56', 0, '2019-02-02 09:11:56'),
(82, 24, 52, 0, 0, '2019-02-02 09:15:42', 0, '2019-02-02 09:15:42'),
(83, 24, 44, 0, 0, '2019-02-02 09:19:24', 0, '2019-02-02 09:19:24'),
(84, 24, 72, 0, 0, '2019-02-02 09:22:18', 0, '2019-02-02 09:22:18'),
(85, 24, 8, 0, 0, '2019-02-02 09:37:45', 0, '2019-02-02 09:37:45'),
(86, 24, 10, 0, 0, '2019-02-02 09:38:52', 0, '2019-02-02 09:38:52'),
(87, 24, 33, 0, 0, '2019-02-02 09:40:23', 0, '2019-02-02 09:40:23'),
(88, 24, 41, 0, 0, '2019-02-02 09:42:51', 0, '2019-02-02 09:42:51'),
(89, 24, 42, 0, 0, '2019-02-02 09:43:21', 0, '2019-02-02 09:43:21'),
(90, 24, 45, 0, 0, '2019-02-02 09:44:04', 0, '2019-02-02 09:44:04'),
(91, 24, 50, 0, 0, '2019-02-02 09:47:33', 0, '2019-02-02 09:47:33'),
(92, 24, 51, 0, 0, '2019-02-02 09:48:14', 0, '2019-02-02 09:48:14'),
(93, 24, 75, 0, 0, '2019-02-02 09:48:57', 0, '2019-02-02 09:48:57'),
(94, 23, 1, 0, 0, '2019-02-02 09:49:46', 0, '2019-02-02 09:49:46'),
(95, 23, 2, 0, 0, '2019-02-02 09:51:44', 0, '2019-02-02 09:51:44'),
(96, 23, 3, 0, 0, '2019-02-02 09:53:36', 0, '2019-02-02 09:53:36'),
(97, 23, 4, 0, 0, '2019-02-02 09:55:54', 0, '2019-02-02 09:55:54'),
(98, 22, 1, 0, 0, '2019-02-02 10:01:09', 0, '2019-02-02 10:01:09'),
(99, 22, 2, 0, 0, '2019-02-02 10:02:05', 0, '2019-02-02 10:02:05'),
(100, 22, 4, 0, 0, '2019-02-02 10:04:26', 0, '2019-02-02 10:04:26'),
(101, 22, 9, 0, 0, '2019-02-02 10:07:54', 0, '2019-02-02 10:07:54'),
(102, 22, 5, 0, 0, '2019-02-02 10:11:42', 0, '2019-02-02 10:11:42'),
(103, 22, 52, 0, 0, '2019-02-02 10:13:19', 0, '2019-02-02 10:13:19'),
(104, 22, 53, 0, 0, '2019-02-02 10:15:12', 0, '2019-02-02 10:15:12'),
(105, 22, 3, 0, 0, '2019-02-02 10:17:16', 0, '2019-02-02 10:17:16'),
(106, 22, 8, 0, 0, '2019-02-02 10:17:46', 0, '2019-02-02 10:17:46'),
(107, 22, 45, 0, 0, '2019-02-02 10:21:35', 0, '2019-02-02 10:21:35'),
(108, 22, 44, 0, 0, '2019-02-02 10:25:02', 0, '2019-02-02 10:25:02'),
(109, 22, 41, 0, 0, '2019-02-02 10:31:39', 0, '2019-02-02 10:31:39'),
(110, 26, 75, 0, 0, '2019-02-02 10:34:19', 0, '2019-02-02 10:34:19'),
(111, 22, 75, 0, 0, '2019-02-02 10:35:40', 0, '2019-02-02 10:35:40'),
(112, 22, 51, 0, 0, '2019-02-02 10:38:37', 0, '2019-02-02 10:38:37'),
(113, 22, 72, 0, 0, '2019-02-02 10:40:13', 0, '2019-02-02 10:40:13'),
(114, 22, 54, 0, 0, '2019-02-02 10:43:52', 0, '2019-02-02 10:43:52'),
(115, 22, 50, 0, 0, '2019-02-02 10:48:33', 0, '2019-02-02 10:48:33');

-- --------------------------------------------------------

--
-- Table structure for table `user`
--

CREATE TABLE `user` (
  `id` int(11) NOT NULL,
  `firstName` varchar(20) NOT NULL,
  `lastName` varchar(20) NOT NULL,
  `gender` int(11) NOT NULL COMMENT '1 - male, 2 - female',
  `email` varchar(50) NOT NULL,
  `password` varchar(100) NOT NULL,
  `role` int(11) NOT NULL COMMENT '1- admin, 2 - user',
  `isActive` tinyint(1) NOT NULL DEFAULT '1',
  `createdBy` int(11) NOT NULL DEFAULT '0',
  `createdDate` datetime NOT NULL DEFAULT CURRENT_TIMESTAMP,
  `updatedBy` int(11) NOT NULL DEFAULT '0',
  `updatedDate` datetime NOT NULL DEFAULT CURRENT_TIMESTAMP
) ENGINE=InnoDB DEFAULT CHARSET=latin1;

--
-- Dumping data for table `user`
--

INSERT INTO `user` (`id`, `firstName`, `lastName`, `gender`, `email`, `password`, `role`, `isActive`, `createdBy`, `createdDate`, `updatedBy`, `updatedDate`) VALUES
(3, 'Snehal', 'Shah', 1, 'snehal@lanetteam.com', '$2a$08$wnjFWech0/mBC4gflVzbLOlNiuv9JJXzdV3.6LOmzUlSOpjfwmumG', 1, 1, 0, '2019-01-26 10:47:08', 0, '2019-01-26 10:47:08'),
(5, 'Abhi', 'Jariwala', 1, 'abhi.jari.testing@gmail.com', '$2a$08$DXGNo9mX98Z8uGRY8Ziy5uhjkJlq6P2It4wsS0zzQyFt26Z74Oboq', 2, 1, 0, '2019-01-28 11:21:51', 0, '2019-01-28 11:21:51'),
(7, 'Test', 'Test', 1, 'test@gmail.com', '$2a$08$UMgGtdsvdUurNe.3t.mQMOjp9MlMOxzqeTA5ZQ/P8pHgavmiGcFsq', 2, 1, 0, '2019-01-28 11:22:34', 0, '2019-01-28 11:22:34'),
(8, 'Shreya', 'Shah', 2, 'shreya@gmail.com', '$2a$08$zgA6RbcwpqonU5sMs.MVweFdF2uajrd5o4/AonoWrlfmfhwE1BCxG', 2, 1, 0, '2019-01-29 09:28:37', 0, '2019-01-29 09:28:37'),
(9, 'Amit', 'Tailor', 1, 'amit@gmail.com', '$2a$08$Tl85F/LJc93ntexiZkS.2..l/24LFcjQ4n7CVmviOlICzP6Dtp84C', 2, 1, 0, '2019-01-29 09:30:16', 0, '2019-01-29 09:30:16'),
(10, 'abcd', 'abcc', 1, 'abcd@gmail.com', '$2a$08$UckTdbOmbNSPLqKjDbgtKeotahQPN1q/W9owKtxbbiDa4cXTInbGG', 2, 1, 0, '2019-01-29 09:40:16', 0, '2019-01-29 09:40:16'),
(11, 'xyz', 'xyz', 1, 'xyz@gmail.com', '$2a$08$5.tDleAmX0LbKE1dt5xFxOAmPondL0G2.FvVwHmoL1WOVqPf6d9mi', 2, 1, 0, '2019-01-29 09:42:37', 0, '2019-01-29 09:42:37'),
(12, 'niv', 'pujari', 0, 't@gmail.com', '$2a$08$xajAeEkYpXv9HjpockwE0.aFpR5WMa43smhMbjqeCxeqn5R1VeoQC', 2, 1, 0, '2019-01-29 09:44:07', 0, '2019-01-29 09:44:07'),
(13, 'Hello', 'Hi', 2, 'hello@gmail.com', '$2a$08$3c6GGf1j7mJZvB3ldoHn8.TNBia9C1PfYYe7s4s0tt0A7t2R/Meay', 2, 1, 0, '2019-01-29 10:09:53', 0, '2019-01-29 10:09:53'),
(14, 'amit', 'verma', 1, 'av@gmail.com', '$2a$08$OHYLicV4kCLrzrmneYjOse7U9LJLHbdVCQhBbQytsW54ivWxUtOpa', 2, 1, 0, '2019-01-29 12:10:46', 0, '2019-01-29 12:10:46'),
(15, 'pri', 'tar', 1, 'pritar@gmail.com', '$2a$08$GrgWY.VM9UtZN5ppDU8j6eG7M6k0hg875rpI.f.IOIO8RNodCZNpy', 2, 1, 0, '2019-01-29 12:22:58', 0, '2019-01-29 12:22:58'),
(16, 'Mitul', 'Malani', 1, 'mitul@gmail.com', '$2a$08$0K1Pfe9ag9j.k6ZTrAqy2eCcJ/M/eTvEzpBJCcxVAALS7GpMDk8fW', 2, 1, 0, '2019-02-01 05:27:39', 0, '2019-02-01 05:27:39'),
(17, 'Mitul', 'Malani', 1, 'mitul1@gmail.com', '$2a$08$Pnggg3fZ1Va6bAXF4JcFlOw.C6Ou6HqC.CIv0weWOU/ajMloxBYby', 2, 1, 0, '2019-02-01 06:50:05', 0, '2019-02-01 06:50:05');

-- --------------------------------------------------------

--
-- Table structure for table `userplayer`
--

CREATE TABLE `userplayer` (
  `id` int(11) NOT NULL,
  `tournamentId` int(11) NOT NULL,
  `userId` int(11) NOT NULL,
  `playerId` int(11) NOT NULL,
  `createdBy` int(11) NOT NULL DEFAULT '0',
  `createdDate` datetime NOT NULL DEFAULT CURRENT_TIMESTAMP,
  `updatedBy` int(11) NOT NULL DEFAULT '0',
  `updatedDate` datetime NOT NULL DEFAULT CURRENT_TIMESTAMP
) ENGINE=InnoDB DEFAULT CHARSET=latin1;

--
-- Dumping data for table `userplayer`
--

INSERT INTO `userplayer` (`id`, `tournamentId`, `userId`, `playerId`, `createdBy`, `createdDate`, `updatedBy`, `updatedDate`) VALUES
(1, 1, 3, 7, 0, '2019-01-28 16:58:21', 0, '2019-01-28 16:58:21'),
(2, 1, 5, 7, 0, '2019-01-29 08:02:50', 0, '2019-01-29 08:02:50');

--
-- Indexes for dumped tables
--

--
-- Indexes for table `player`
--
ALTER TABLE `player`
  ADD PRIMARY KEY (`id`);

--
-- Indexes for table `team`
--
ALTER TABLE `team`
  ADD PRIMARY KEY (`id`);

--
-- Indexes for table `teamplayer`
--
ALTER TABLE `teamplayer`
  ADD PRIMARY KEY (`id`);

--
-- Indexes for table `tournament`
--
ALTER TABLE `tournament`
  ADD PRIMARY KEY (`id`);

--
-- Indexes for table `tournamentmatch`
--
ALTER TABLE `tournamentmatch`
  ADD PRIMARY KEY (`id`);

--
-- Indexes for table `tournamentmatchplayerscore`
--
ALTER TABLE `tournamentmatchplayerscore`
  ADD PRIMARY KEY (`id`);

--
-- Indexes for table `tournamentpoint`
--
ALTER TABLE `tournamentpoint`
  ADD PRIMARY KEY (`id`);

--
-- Indexes for table `tournamentteam`
--
ALTER TABLE `tournamentteam`
  ADD PRIMARY KEY (`id`);

--
-- Indexes for table `user`
--
ALTER TABLE `user`
  ADD PRIMARY KEY (`id`),
  ADD UNIQUE KEY `email` (`email`);

--
-- Indexes for table `userplayer`
--
ALTER TABLE `userplayer`
  ADD PRIMARY KEY (`id`);

--
-- AUTO_INCREMENT for dumped tables
--

--
-- AUTO_INCREMENT for table `player`
--
ALTER TABLE `player`
  MODIFY `id` int(11) NOT NULL AUTO_INCREMENT, AUTO_INCREMENT=64;

--
-- AUTO_INCREMENT for table `team`
--
ALTER TABLE `team`
  MODIFY `id` int(11) NOT NULL AUTO_INCREMENT, AUTO_INCREMENT=76;

--
-- AUTO_INCREMENT for table `teamplayer`
--
ALTER TABLE `teamplayer`
  MODIFY `id` int(11) NOT NULL AUTO_INCREMENT, AUTO_INCREMENT=55;

--
-- AUTO_INCREMENT for table `tournament`
--
ALTER TABLE `tournament`
  MODIFY `id` int(11) NOT NULL AUTO_INCREMENT, AUTO_INCREMENT=27;

--
-- AUTO_INCREMENT for table `tournamentmatch`
--
ALTER TABLE `tournamentmatch`
  MODIFY `id` int(11) NOT NULL AUTO_INCREMENT, AUTO_INCREMENT=4;

--
-- AUTO_INCREMENT for table `tournamentmatchplayerscore`
--
ALTER TABLE `tournamentmatchplayerscore`
  MODIFY `id` int(11) NOT NULL AUTO_INCREMENT, AUTO_INCREMENT=41;

--
-- AUTO_INCREMENT for table `tournamentpoint`
--
ALTER TABLE `tournamentpoint`
  MODIFY `id` int(11) NOT NULL AUTO_INCREMENT, AUTO_INCREMENT=3;

--
-- AUTO_INCREMENT for table `tournamentteam`
--
ALTER TABLE `tournamentteam`
  MODIFY `id` int(11) NOT NULL AUTO_INCREMENT, AUTO_INCREMENT=116;

--
-- AUTO_INCREMENT for table `user`
--
ALTER TABLE `user`
  MODIFY `id` int(11) NOT NULL AUTO_INCREMENT, AUTO_INCREMENT=18;

--
-- AUTO_INCREMENT for table `userplayer`
--
ALTER TABLE `userplayer`
  MODIFY `id` int(11) NOT NULL AUTO_INCREMENT, AUTO_INCREMENT=3;
COMMIT;

/*!40101 SET CHARACTER_SET_CLIENT=@OLD_CHARACTER_SET_CLIENT */;
/*!40101 SET CHARACTER_SET_RESULTS=@OLD_CHARACTER_SET_RESULTS */;
/*!40101 SET COLLATION_CONNECTION=@OLD_COLLATION_CONNECTION */;
